id_budget,subacc,product,Description,Source,Category,Document ,Doc.  Number of Source ,Description of source module,Curr,Accounted DR,Accounted CR,Date
182,0,0,NA.NA.HR SERVICES,Payables,Purchase Invoices,0375B/CRV/GMH/V/2023,278953,"Vendor:CASH INTERNAL 123/V/MHS/2023 - D/A PEMASAMGAN ,ESIN ABSEN DAN INPUT PHL KE BPN 23-24 MAY'23 (MUHAMAD NUR IHSAN)",IDR,576000,0,2023-05-25 0:00:00
195,0,0,NA.NA.HR SERVICES,Payables,Purchase Invoices,007/PCV/HO/V/2023,278958,Vendor:ENDANG SETIORINI REIMBURSE TRANSPORT DR WIDYO 10-14 APR DAN 1-5 MAY 2023 (HC),IDR,496000,0,2023-05-25 0:00:00
196,0,0,NA.NA.HR SERVICES,Payables,Purchase Invoices,0350B/CRV/GMH/V/2023,278946,Vendor:CASH INTERNAL 105/V/GMH/2023 - REIMBURSE FUEL DINAS KJT 11-12 MAY'23 FOR INTERVIEW CANDIDATE STAFF HAJJ (MOBIL OPS HC B 2352 UZY),IDR,600000,0,2023-05-25 0:00:00
3,0,0,NA.NA.HR SERVICES,Payables,Purchase Invoices,001/CRV/GMH/V/2023,278887,Vendor:CASH INTERNAL PSIKOTEST DAN MEDEX U/ KARYAWAN BARU BPN A.N DANIANSYAH,IDR,995000,0,2023-05-24 0:00:00
1,0,0,NA.NA.HR SERVICES,Payables,Purchase Invoices,19/2107/KEU-FFT/2023,279050,Vendor:FAJAR FARMATAMA.PT Biy Medec New Recruitment per Apr/23,IDR,9240000,0,2023-05-26 0:00:00
307,0,0,NA.NA.HR SERVICES,Payables,Purchase Invoices,65/V/2023/MHI,278672,Vendor:CASH INTERNAL RUANG MEETING DAN KAMAR ACARA PERUNDINGAN PKB 25-26/MAY'23 DI PESONA ALAM RESORT (PT KUSUMA JAYA INDAH),IDR,34100000,0,2023-05-22 0:00:00
197,0,0,NA.NA.HR SERVICES,Payables,Purchase Invoices,104/V/2023/GMI,278076,Vendor:CASH INTERNAL 7-MSISDN Kartu Halo CUG f/HC HO Apr'23,IDR,464555,0,2023-05-09 0:00:00
262,0,0,NA.NA.HR SERVICES,Payables,Purchase Invoices,006/PCV/HO/IV/2023,277767,Vendor:ENDANG SETIORINI PENGIRIMAN DOKUMEN TO STATION (HC),IDR,246000,0,2023-05-04 0:00:00
308,0,0,ADHOC FLIGHTS - PREMIER.NA.HR SERVICES,Payables,Purchase Invoices,007/PCV/HO/V/2023,278958,Vendor:ENDANG SETIORINI JIMMY H - ENTERTAIN W/ AIRLINES (PELITA AIR) 10 MAY'23,IDR,297850,0,2023-05-25 0:00:00
309,0,0,NA.NA.HR SERVICES,Cost Management,Receiving,39876,,"Item:Repair Other, Stand Laptop - HC (Rino),Quantity:2 - DELIVER",IDR,130000,0,2023-05-09 0:00:00
14,0,0,NA.NA.HR SERVICES,Payables,Purchase Invoices,GSE.INV-2300006,277855,Vendor:GLOBAL SOLUSI ENJIN.PT PO.51477 Rent SenseTime Thunder-E Mini SN:SPS020STDC19G07011 f/T1B Apr'23,IDR,2200000,0,2023-05-05 0:00:00
198,0,0,NA.NA.HR SERVICES,Payables,Purchase Invoices,109IC23101258,278093,"Vendor:AUTO PRIMA RENTALINDO.PT Vehicles Rental Expense, Sewa Kendaraan OPS HC PT. JAS Sta. CGK - B 2352 UZY Periode 25 April 2023 s.d 24 Mei 2023",IDR,8400000,0,2023-05-09 0:00:00
264,0,0,NA.NA.HR SERVICES,AutoCopy,Adjustment,JVT.012/05/23,,MAY'23 EST INSURANCE UMUM BUMIPUTERAMUDA 1967 PT PROGRAM JAMINAN KECELAKAAN DIRI DILUAR JAM KERJA (JKDK)Perda DKI Jakarta No.6 Th.2004 f/ MAR'22,IDR,3321313,0,2023-05-31 0:00:00
51,0,0,NA.NA.HR SERVICES,Payables,Purchase Invoices,924/IV/CEO/2023,277783,Vendor:CARDIG INTERNATIONAL PT MANAGEMENT FEE K3 PER APR'23,IDR,27500000,0,2023-05-05 0:00:00
4,0,0,NA.NA.HR SERVICES,Assets,Depreciation,MAY-23 Depreciation IDR,,176615 - JOBSTREETS INDONESIA - ADVERTISEMENT (AD BUDGET) JAN/DEC'23 - APV.271062,IDR,1000000,0,2023-05-31 0:00:00
199,0,0,NA.NA.HR SERVICES,Cost Management,Receiving,40051,,"Item:Printer Laser Jet, Desk Jet, Typing Machine / Printer HP Deskjet Ink Advantage 6475,Quantity:1 - DELIVER",IDR,2020000,0,2023-05-29 0:00:00
200,0,0,NA.NA.HR SERVICES,Cost Management,Receiving,39931,,"Item:Obat-obatan K3 / Emergency / Senter Besar 40 watt Rechargeable - Brand: AOKI, Model: AK-8100L,Quantity:3 - DELIVER",IDR,825000,0,2023-05-17 0:00:00
202,0,0,NA.NA.HR SERVICES,Cost Management,Receiving,39931,,"Item:Wear Pack / Safety Goggles Full - Brand: Endlessafe, Model: ES-SGF ( L ),Quantity:3 - DELIVER",IDR,450000,0,2023-05-17 0:00:00
207,0,0,NA.NA.HR SERVICES,Payables,Purchase Invoices,007/PCV/HO/V/2023,278958,Vendor:ENDANG SETIORINI BY KEPERLUAN PERJALANAN DINAS KJT (HC),IDR,241000,0,2023-05-25 0:00:00
187,0,0,NA.NA.HR SERVICES,Payables,Purchase Invoices,0385B/CRV/GMH/V/2023,278928,Vendor:CASH INTERNAL BAGUS HERYOKO - 054/V/2023/GSM - D/A TRIP KJT FOR HANDLING SV HAJJ PHASE 1 26 MAY-23 JUN'23,IDR,3758400,0,2023-05-25 0:00:00
195,0,0,NA.NA.HR SERVICES,Payables,Purchase Invoices,007/PCV/HO/V/2023,278958,Vendor:ENDANG SETIORINI REIMMB TRANSPORT DR WIDYO 17-28 APR'23 (HC),IDR,340000,0,2023-05-25 0:00:00
196,0,0,NA.NA.HR SERVICES,Payables,Purchase Invoices,007/PCV/HO/V/2023,278958,Vendor:ENDANG SETIORINI FUEL DINAS KJT (HC),IDR,136000,0,2023-05-25 0:00:00
308,0,0,ADHOC FLIGHTS - PREMIER.NA.HR SERVICES,Payables,Purchase Invoices,007/PCV/HO/V/2023,278958,Vendor:ENDANG SETIORINI JIMMY H - ENTERTAIN W/ AIRLINES (PELITA) 10 MAY'23,IDR,52000,0,2023-05-25 0:00:00
14,0,0,NA.NA.HR SERVICES,Payables,Purchase Invoices,GSE.INV-2300006,277855,Vendor:GLOBAL SOLUSI ENJIN.PT PO.51477 Rent SenseTime Thunder-E Mini SN:SPS020STDC19G07945 f/CH-521 Apr'23,IDR,2200000,0,2023-05-05 0:00:00
264,0,0,NA.NA.HR SERVICES,AutoCopy,Adjustment,"Reverses ""JVT.012/04/23""08-JUN-23 15:49:39",,APR'23 EST INSURANCE UMUM BUMIPUTERAMUDA 1967 PT PROGRAM JAMINAN KECELAKAAN DIRI DILUAR JAM KERJA (JKDK)Perda DKI Jakarta No.6 Th.2004 f/ MAR'22,IDR,0,3321313,2023-05-31 0:00:00
51,0,0,NA.NA.HR SERVICES,AutoCopy,Manual,JVT.010/05/23,,Mngt Fee CI K3 MAY'23 EST,IDR,27500000,0,2023-05-31 0:00:00
4,0,0,NA.NA.HR SERVICES,Assets,Depreciation,MAY-23 Depreciation IDR,,176589 - AD BUDGET (JAN'23 - JAN'24) - Advertisement at Jobstreet on 2Jan/23-2Jan/24,IDR,1000000,0,2023-05-31 0:00:00
200,0,0,NA.NA.HR SERVICES,Cost Management,Receiving,39931,,"Item:Obat-obatan K3 / Emergency / Fire Axe / Kapak Damkar 25cm - Model: ES-FM-AXE-25i,Quantity:3 - DELIVER",IDR,900000,0,2023-05-17 0:00:00
202,0,0,NA.NA.HR SERVICES,Cost Management,Receiving,39931,,"Item:Jacket / Fireman Gloves - Brand: JJXF Model JJXF-ST-2 ( L ),Quantity:3 - DELIVER",IDR,1935000,0,2023-05-17 0:00:00
207,0,0,NA.NA.HR SERVICES,Payables,Purchase Invoices,P-012/F/0523,279703,Vendor:KETUT DARMA TENAYA BINGKISAN TRAINING OPERATIONAL / 17 MAY-15 JUN' 2023,IDR,1110000,0,2023-05-31 0:00:00
182,0,0,NA.NA.HR SERVICES,Payables,Purchase Invoices,0395B/CRV/GMH/V/2023,279002,Vendor:CASH INTERNAL DADANG I - 112/V/CEO/2023 - D/A PERUNDINGAN PKB 2023-2025 KE BOGOR 25-26 MAY'23,IDR,672000,0,2023-05-25 0:00:00
195,0,0,NA.NA.HR SERVICES,Payables,Purchase Invoices,007/PCV/HO/V/2023,278958,Vendor:ENDANG SETIORINI TOL DAN PARKIR MOBIL (HC),IDR,69000,0,2023-05-25 0:00:00
196,0,0,NA.NA.HR SERVICES,Payables,Purchase Invoices,007/PCV/HO/V/2023,278958,Vendor:ENDANG SETIORINI FUEL KEND OPS HC B 2352 UZY,IDR,200000,0,2023-05-25 0:00:00
14,0,0,NA.NA.HR SERVICES,Payables,Purchase Invoices,GSE.INV-2300006,277855,Vendor:GLOBAL SOLUSI ENJIN.PT PO.51477 Rent SenseTime Thunder-E Mini SN:SPS020STDC19G08413 f/T3 Avsec Apr'23,IDR,2200000,0,2023-05-05 0:00:00
264,0,0,NA.NA.HR SERVICES,Payables,Purchase Invoices,935/V/2023/GMH,278170,Vendor:ASURANSI UMUM BUMIPUTERAMUDA 1967 PT PROGRAM JKDK (178 EMPLYS) PER APR'23,IDR,3736762,0,2023-05-11 0:00:00
51,0,0,NA.NA.HR SERVICES,AutoCopy,Manual,"Reverses ""JVT.010/04/23""08-JUN-23 15:06:45",,Mngt Fee CI K3 APR'23 EST,IDR,0,27500000,2023-05-31 0:00:00
4,0,0,NA.NA.HR SERVICES,Assets,Depreciation,MAY-23 Depreciation IDR,,162540 - PT JOBSTREET INDONESIA - ADS FIXED BUNDLE PACKAGE - APV. 262513,IDR,821333,0,2023-05-31 0:00:00
200,0,0,NA.NA.HR SERVICES,Cost Management,Receiving,39931,,"Item:Obat-obatan K3 / Emergency / P3K / First Aid Kit type C,Quantity:3 - DELIVER",IDR,2250000,0,2023-05-17 0:00:00
202,0,0,NA.NA.HR SERVICES,Cost Management,Receiving,39931,,"Item:Safety Shoes / Fireman Boot Brand: JJXF, Model: RJX25A43,Quantity:3 - DELIVER",IDR,3990000,0,2023-05-17 0:00:00
185,0,0,NA.NA.HR SERVICES,Payables,Purchase Invoices,0395B/CRV/GMH/V/2023,279002,Vendor:CASH INTERNAL JIMMY H - 112/V/CEO/2023 - D/A PERUNDINGAN PKB 2023-2025 KE BOGOR 25-26 MAY'23,IDR,720000,0,2023-05-25 0:00:00
195,0,0,NA.NA.HR SERVICES,Payables,Purchase Invoices,007/PCV/HO/V/2023,278958,Vendor:ENDANG SETIORINI TOL MOBIL HC B 2352 UZY,IDR,37000,0,2023-05-25 0:00:00
196,0,0,NA.NA.HR SERVICES,Payables,Purchase Invoices,007/PCV/HO/V/2023,278958,Vendor:ENDANG SETIORINI FUEL MOBIL HC B 2352 UZY,IDR,300000,0,2023-05-25 0:00:00
14,0,0,NA.NA.HR SERVICES,Payables,Purchase Invoices,GSE.INV-2300006,277855,"Vendor:GLOBAL SOLUSI ENJIN.PT Office & IT Equipment Rent Expense (PC, Printer, Server, Software, etc) / Thunder-Emini Thermal Camera Module - SenseTime Lokasi Terminal 3 (Ramp, Services, SMJ), Cargo (Export, Import), Terminal 2 (Ramp, Arrival) Periode April 2023",IDR,61600000,0,2023-05-05 0:00:00
200,0,0,NA.NA.HR SERVICES,Cost Management,Receiving,39931,,"Item:Obat-obatan K3 / Emergency / Fire Axe / Megaphone TOA with Sirene Include Battery,Quantity:3 - DELIVER",IDR,3120000,0,2023-05-17 0:00:00
202,0,0,NA.NA.HR SERVICES,Cost Management,Receiving,39931,,"Item:Wear Pack / Full Face Mask Double Respirator c/w Filter - Brand: Anben Fire ( L ),Quantity:3 - DELIVER",IDR,4500000,0,2023-05-17 0:00:00
184,0,0,NA.NA.HR SERVICES,Payables,Purchase Invoices,0395B/CRV/GMH/V/2023,279002,Vendor:CASH INTERNAL JULIANTORO - 112/V/CEO/2023 - D/A PERUNDINGAN PKB 2023-2025 KE BOGOR 25-26 MAY'23,IDR,528000,0,2023-05-25 0:00:00
195,0,0,NA.NA.HR SERVICES,Payables,Purchase Invoices,007/PCV/HO/V/2023,278958,Vendor:ENDANG SETIORINI TOL MOBIL OPS HC B 2352 UZY,IDR,213000,0,2023-05-25 0:00:00
196,0,0,NA.NA.HR SERVICES,Payables,Purchase Invoices,006/PCV/HO/IV/2023,277767,Vendor:ENDANG SETIORINI FUEL MEETING PAK MARLAN (HC),IDR,250000,0,2023-05-04 0:00:00
14,0,0,NA.NA.HR SERVICES,Payables,Purchase Invoices,GSE.INV-2300006,277855,Vendor:GLOBAL SOLUSI ENJIN.PT PO.51477 Rent SenseTime Thunder-E Mini SN:SPS020OTFO20F01253 f/T3 SMJ Apr'23,IDR,2200000,0,2023-05-05 0:00:00
200,0,0,NA.NA.HR SERVICES,Payables,Purchase Invoices,007/PCV/HO/V/2023,278958,Vendor:ENDANG SETIORINI BUAH U/ JENGUK BU DITTA (HC),IDR,444700,0,2023-05-25 0:00:00
202,0,0,NA.NA.HR SERVICES,Cost Management,Receiving,39931,,"Item:Jacket / Fireman Suit ( Jacket & Trouser ) - Brand: Endlessafe, Model: ES-FM-ST-4L ( L ),Quantity:3 - DELIVER",IDR,11250000,0,2023-05-17 0:00:00
187,0,0,NA.NA.HR SERVICES,Payables,Purchase Invoices,0395B/CRV/GMH/V/2023,279002,Vendor:CASH INTERNAL LISA DEVI - 112/V/CEO/2023 - D/A PERUNDINGAN PKB 2023-2025 KE BOGOR 25-26 MAY'23,IDR,576000,0,2023-05-25 0:00:00
195,0,0,NA.NA.HR SERVICES,Payables,Purchase Invoices,007/PCV/HO/V/2023,278958,Vendor:ENDANG SETIORINI TOLL DAN PARKIR KEND OPS HC B 2352 UZY,IDR,88000,0,2023-05-25 0:00:00
196,0,0,NA.NA.HR SERVICES,Payables,Purchase Invoices,006/PCV/HO/IV/2023,277767,Vendor:ENDANG SETIORINI FUEL MOBIL HC B 2352 UZY,IDR,691992,0,2023-05-04 0:00:00
14,0,0,NA.NA.HR SERVICES,Payables,Purchase Invoices,GSE.INV-2300006,277855,Vendor:GLOBAL SOLUSI ENJIN.PT PO.51477 Rent SenseTime Thunder-E Mini SN:SPS020OTFO20F01260 f/T3Svc Apr'23,IDR,2200000,0,2023-05-05 0:00:00
200,0,0,NA.NA.HR SERVICES,Payables,Purchase Invoices,007/PCV/HO/V/2023,278958,Vendor:ENDANG SETIORINI BY KONSUMSI DLM RANGKA SURVEI HOTEL (HC),IDR,166500,0,2023-05-25 0:00:00
184,0,0,NA.NA.HR SERVICES,Payables,Purchase Invoices,0395B/CRV/GMH/V/2023,279002,Vendor:CASH INTERNAL MOHAMAD IQBAL - 112/V/CEO/2023 - D/A PERUNDINGAN PKB 2023-2025 KE BOGOR 25-26 MAY'23,IDR,528000,0,2023-05-25 0:00:00
195,0,0,NA.NA.HR SERVICES,Payables,Purchase Invoices,007/PCV/HO/V/2023,278958,Vendor:ENDANG SETIORINI TOLL DINAS KE KJT (HC),IDR,119000,0,2023-05-25 0:00:00
196,0,0,NA.NA.HR SERVICES,Payables,Purchase Invoices,006/PCV/HO/IV/2023,277767,Vendor:ENDANG SETIORINI FUEL MOBIL OPS HC B 2352 UZY (HC),IDR,200000,0,2023-05-04 0:00:00
14,0,0,NA.NA.HR SERVICES,Payables,Purchase Invoices,GSE.INV-2300006,277855,Vendor:GLOBAL SOLUSI ENJIN.PT PO.51477 Rent SenseTime Thunder-E Mini SN:SPS020OTFO20F01283 f/T3 Ramp Apr'23,IDR,2200000,0,2023-05-05 0:00:00
200,0,0,NA.NA.HR SERVICES,Payables,Purchase Invoices,007/PCV/HO/V/2023,278958,Vendor:ENDANG SETIORINI KONSUMSI AVSEC LEMBUR (INTERVIEW HC) 8 MAY'23,IDR,51800,0,2023-05-25 0:00:00
184,0,0,NA.NA.HR SERVICES,Payables,Purchase Invoices,0395B/CRV/GMH/V/2023,279002,Vendor:CASH INTERNAL SHAFA ALVISTA - 112/V/CEO/2023 - D/A PERUNDINGAN PKB 2023-2025 KE BOGOR 25-26 MAY'23,IDR,259200,0,2023-05-25 0:00:00
195,0,0,NA.NA.HR SERVICES,Payables,Purchase Invoices,007/PCV/HO/V/2023,278958,Vendor:ENDANG SETIORINI TOLL DINAS KJT (HC),IDR,116000,0,2023-05-25 0:00:00
14,0,0,NA.NA.HR SERVICES,Payables,Purchase Invoices,GSE.INV-2300006,277855,Vendor:GLOBAL SOLUSI ENJIN.PT PO.51477 Rent SenseTime Thunder-E Mini SN:SPS020OTFO20F01323 f/LC CGK Apr'23,IDR,2200000,0,2023-05-05 0:00:00
200,0,0,NA.NA.HR SERVICES,Payables,Purchase Invoices,007/PCV/HO/V/2023,278958,Vendor:ENDANG SETIORINI KONSUMSI TALEMNT DEV PROGRAM 16 MAY'23 (HC),IDR,488000,0,2023-05-25 0:00:00
184,0,0,NA.NA.HR SERVICES,Payables,Purchase Invoices,0395B/CRV/GMH/V/2023,279002,Vendor:CASH INTERNAL SUMARLAN - 112/V/CEO/2023 - D/A PERUNDINGAN PKB 2023-2025 KE BOGOR 25-26 MAY'23,IDR,672000,0,2023-05-25 0:00:00
195,0,0,NA.NA.HR SERVICES,Payables,Purchase Invoices,007/PCV/HO/V/2023,278958,Vendor:ENDANG SETIORINI TOLL JENGUK BU DITTA (HC),IDR,54000,0,2023-05-25 0:00:00
14,0,0,NA.NA.HR SERVICES,Payables,Purchase Invoices,GSE.INV-2300006,277855,Vendor:GLOBAL SOLUSI ENJIN.PT PO.51477 Rent SenseTime Thunder-E Mini SN:SPS020OTFO20F01356 f/T2 Mte Apr'23,IDR,2200000,0,2023-05-05 0:00:00
200,0,0,NA.NA.HR SERVICES,Payables,Purchase Invoices,007/PCV/HO/V/2023,278958,Vendor:ENDANG SETIORINI LUNCH PERJALANAN DINAS KJT (HC),IDR,354000,0,2023-05-25 0:00:00
185,0,0,NA.NA.HR SERVICES,Payables,Purchase Invoices,0321B/CRV/GMH/V/2023,277939,Vendor:CASH INTERNAL JIMMY H - 100/V/GMH/2023 - D/A SPSOA;OSASO ASLES DAM KOORDINASI INTERNAL KNO 8-10 MAY'23,IDR,1080000,0,2023-05-08 0:00:00
195,0,0,NA.NA.HR SERVICES,Payables,Purchase Invoices,006/PCV/HO/IV/2023,277767,Vendor:ENDANG SETIORINI PARKIR DAN TOL DR WIDYO 29-31 MAR'23 (HC),IDR,157000,0,2023-05-04 0:00:00
14,0,0,NA.NA.HR SERVICES,Payables,Purchase Invoices,GSE.INV-2300006,277855,Vendor:GLOBAL SOLUSI ENJIN.PT PO.51477 Rent SenseTime Thunder-E Mini SN:SPS020OTFO20F01372 f/T2Ramp Apr'23,IDR,2200000,0,2023-05-05 0:00:00
43,0,0,NA.NA.HR SERVICES,Payables,Purchase Invoices,PA/55/IV/GMH/2023,278694,Vendor:SUMARLAN PA FOR MEAL BOX (IFTAR) ON RAMADHAN 2023 FOR HEAD OFFICE & LC EMPLOYEES,IDR,24750000,0,2023-05-22 0:00:00
182,0,0,NA.NA.HR SERVICES,Payables,Purchase Invoices,0321B/CRV/GMH/V/2023,277939,Vendor:CASH INTERNAL M. NUR IHSAN - 100/V/GMH/2023 - D/A SPSOA;OSASO ASLES DAM KOORDINASI INTERNAL KNO 8-10 MAY'23,IDR,864000,0,2023-05-08 0:00:00
195,0,0,NA.NA.HR SERVICES,Payables,Purchase Invoices,006/PCV/HO/IV/2023,277767,Vendor:ENDANG SETIORINI PARKIR DAN TOL MOBIL HC B 2352 UZY,IDR,52500,0,2023-05-04 0:00:00
14,0,0,NA.NA.HR SERVICES,Payables,Purchase Invoices,GSE.INV-2300006,277855,Vendor:GLOBAL SOLUSI ENJIN.PT PO.51477 Rent SenseTime Thunder-E Mini SN:SPS020OTFO20F01621 f/2FArrival Apr'23,IDR,2200000,0,2023-05-05 0:00:00
200,0,0,NA.NA.HR SERVICES,Payables,Purchase Invoices,006/PCV/HO/IV/2023,277767,Vendor:ENDANG SETIORINI KONSUMSI LEMBUR 31 MAR'23 (HC),IDR,138300,0,2023-05-04 0:00:00
186,0,0,NA.NA.HR SERVICES,Payables,Purchase Invoices,0321B/CRV/GMH/V/2023,277939,Vendor:CASH INTERNAL RIAH A - 100/V/GMH/2023 - D/A SPSOA;OSASO ASLES DAM KOORDINASI INTERNAL KNO 8-10 MAY'23,IDR,936000,0,2023-05-08 0:00:00
195,0,0,NA.NA.HR SERVICES,Payables,Purchase Invoices,006/PCV/HO/IV/2023,277767,Vendor:ENDANG SETIORINI PARKIR DAN TOL MOBIL OPS B 2352 UZY (HC),IDR,133000,0,2023-05-04 0:00:00
14,0,0,NA.NA.HR SERVICES,Payables,Purchase Invoices,GSE.INV-2300006,277855,Vendor:GLOBAL SOLUSI ENJIN.PT PO.51477 Rent SenseTime Thunder-E Mini SN:SPS020OTFO20F01797 f/CH Exp Apr'23,IDR,2200000,0,2023-05-05 0:00:00
47,0,0,NA.NA.HR SERVICES,Payables,Purchase Invoices,PA/58/IV/GMH/2023,278399,Vendor:SUMARLAN PA FOR MEAL VOUCHER ON EID AL-FITR FOR ALL STATION EMPLOYEES ON DUTY (22 APR '23),IDR,119750000,0,2023-05-15 0:00:00
182,0,0,NA.NA.HR SERVICES,Payables,Purchase Invoices,0336B/CRV/GMH/V/2023,278112,Vendor:CASH INTERNAL 104/V/2023/GMH - D/A PEMASANGAN MESIN ABSEN JOG 10-12 MAY'23 (DADANG I),IDR,1008000,0,2023-05-10 0:00:00
195,0,0,NA.NA.HR SERVICES,Payables,Purchase Invoices,006/PCV/HO/IV/2023,277767,Vendor:ENDANG SETIORINI TOL DAN PARKIR DR WIDYO 3-6 APR'23 (HC),IDR,306000,0,2023-05-04 0:00:00
14,0,0,NA.NA.HR SERVICES,Payables,Purchase Invoices,GSE.INV-2300006,277855,Vendor:GLOBAL SOLUSI ENJIN.PT PO.51477 Rent SenseTime Thunder-E Mini SN:SPS020STDC19G04397 f/T3 PCI Apr'23,IDR,2200000,0,2023-05-05 0:00:00
183,0,0,NA.NA.HR SERVICES,Payables,Purchase Invoices,0337B/CRV/GMH/V/2023,278111,Vendor:CASH INTERNAL DWI PRADANA G - 105/V/2023/GMH - D/A INTERVIEW CANDIDATE PHL STAFF HANDLE HAJJ AT KJT 11-12 MAY'23,IDR,480000,0,2023-05-10 0:00:00
195,0,0,NA.NA.HR SERVICES,Payables,Purchase Invoices,006/PCV/HO/IV/2023,277767,Vendor:ENDANG SETIORINI TOL DAN PARKIR DR. WIDYO 20-24 MAR DAN 27-28 MAR'23 (HC),IDR,415000,0,2023-05-04 0:00:00
14,0,0,NA.NA.HR SERVICES,Payables,Purchase Invoices,GSE.INV-2300006,277855,Vendor:GLOBAL SOLUSI ENJIN.PT PO.51477 Rent SenseTime Thunder-E Mini SN:SPS020STDC19G04806 f/T3 CGK Apr'23,IDR,2200000,0,2023-05-05 0:00:00
185,0,0,NA.NA.HR SERVICES,Payables,Purchase Invoices,0337B/CRV/GMH/V/2023,278111,Vendor:CASH INTERNAL JIMMY H - 105/V/2023/GMH - D/A INTERVIEW CANDIDATE PHL STAFF HANDLE HAJJ AT KJT 11-12 MAY'23,IDR,720000,0,2023-05-10 0:00:00
195,0,0,NA.NA.HR SERVICES,Payables,Purchase Invoices,006/PCV/HO/IV/2023,277767,Vendor:ENDANG SETIORINI TOL DAN PARKIR MEETING PAK MARLAN (HC),IDR,247000,0,2023-05-04 0:00:00
14,0,0,NA.NA.HR SERVICES,Payables,Purchase Invoices,GSE.INV-2300006,277855,Vendor:GLOBAL SOLUSI ENJIN.PT PO.51477 Rent SenseTime Thunder-E Mini SN:SPS020STDC19G06359 f/CH Imp Apr'23,IDR,2200000,0,2023-05-05 0:00:00
183,0,0,NA.NA.HR SERVICES,Payables,Purchase Invoices,0337B/CRV/GMH/V/2023,278111,Vendor:CASH INTERNAL RAHAJENG D - 105/V/2023/GMH - D/A INTERVIEW CANDIDATE PHL STAFF HANDLE HAJJ AT KJT 11-12 MAY'23,IDR,672000,0,2023-05-10 0:00:00
195,0,0,NA.NA.HR SERVICES,Payables,Purchase Invoices,006/PCV/HO/IV/2023,277767,Vendor:ENDANG SETIORINI TOL DAN PARKIR MOBIL HC B 2352 UZY,IDR,151000,0,2023-05-04 0:00:00
14,0,0,NA.NA.HR SERVICES,Payables,Purchase Invoices,GSE.INV-2300006,277855,Vendor:GLOBAL SOLUSI ENJIN.PT PO.51477 Rent SenseTime Thunder-E Mini SN:SPS020STDC19G06389 f/T3 Ops Apr'23,IDR,2200000,0,2023-05-05 0:00:00
195,0,0,NA.NA.HR SERVICES,Payables,Purchase Invoices,006/PCV/HO/IV/2023,277767,Vendor:ENDANG SETIORINI TOLL DAN PARKIR MOBIL OPS HC B 2352 UZY (HC),IDR,174000,0,2023-05-04 0:00:00
14,0,0,NA.NA.HR SERVICES,Payables,Purchase Invoices,GSE.INV-2300006,277855,Vendor:GLOBAL SOLUSI ENJIN.PT PO.51477 Rent SenseTime Thunder-E Mini SN:SPS020STDC19G06850 f/HO Apr'23,IDR,2200000,0,2023-05-05 0:00:00
14,0,0,NA.NA.HR SERVICES,Payables,Purchase Invoices,GSE.INV-2300006,277855,"Vendor:GLOBAL SOLUSI ENJIN.PT Office and IT Equipment Rent Expense (PC, Printer, Server, Software, etc) / Thunder-Emini Thermal Camera Module - SenseTime Lokasi Terminal 3 (Ramp, Services, SMJ), Cargo (Export, Import), Terminal 2 (Ramp, Arrival) Periode April 2023",IDR,0,61600000,2023-05-05 0:00:00
74,0,0,NA.NA.HR LEARNING CENTER,Payables,Purchase Invoices,0321B/CRV/GMH/V/2023,277939,Vendor:CASH INTERNAL NENENG S - 100/V/GMH/2023 - D/A SPSOA;OSASO ASLES DAM KOORDINASI INTERNAL KNO 8-10 MAY'23,IDR,1008000,0,2023-05-08 0:00:00
121,0,0,NA.NA.HR LEARNING CENTER,Payables,Purchase Invoices,115/V/2023/MTI,279199,"Vendor:HERI SETIAWAN PARKIR,ETOLL, DAN TRANSPORT ONLINE APR-MAY'23",IDR,599500,0,2023-05-29 0:00:00
121,0,0,NA.NA.HR LEARNING CENTER,Payables,Purchase Invoices,115/V/2023/MTI,279199,Vendor:HERI SETIAWAN FUEL APR-MAY'23,IDR,750000,0,2023-05-29 0:00:00
63,0,0,NA.NA.HR LEARNING CENTER,Payables,Purchase Invoices,115/V/2023/MTI,279199,Vendor:HERI SETIAWAN CONSUMPTION AIR ASIA TRAINING 3 MAY'23,IDR,997950,0,2023-05-29 0:00:00
65,0,0,NA.NA.HR LEARNING CENTER,Payables,Purchase Invoices,117/V/2023/MTI,279039,Vendor:CASH INTERNAL DA FEE EVALUASI PERPANJANGAN TPM GSE & FRM CGK (DGCA),IDR,15463918,0,2023-05-26 0:00:00
125,0,0,NA.NA.HR LEARNING CENTER,Payables,Purchase Invoices,93/KOP.SPN/V/2023,278428,Vendor:KOPERASI SEKAR PELANGI NUSA 7 Galons VIT f/Ruko Tmn Mahkota Apr'23,IDR,112000,0,2023-05-15 0:00:00
126,0,0,NA.NA.HR LEARNING CENTER,Payables,Purchase Invoices,PA/043/IV/2023/GMI,279052,Vendor:TEDY SANTOSO PA LISTRIK JAS R.T.MAHKOTA - MAY '23,IDR,4010249,0,2023-05-26 0:00:00
127,0,0,NA.NA.HR LEARNING CENTER,Payables,Purchase Invoices,104/V/2023/GMI,278076,Vendor:CASH INTERNAL 1-MSISDN Kartu Halo CUG f/LC LTU CGK Apr'23,IDR,50000,0,2023-05-09 0:00:00
139,0,0,NA.NA.HR LEARNING CENTER,Payables,Purchase Invoices,115/V/2023/MTI,279199,Vendor:HERI SETIAWAN BY PEMBELIAN LAIN-LAIN,IDR,1065500,0,2023-05-29 0:00:00
140,0,0,NA.NA.HR LEARNING CENTER,Payables,Purchase Invoices,115/V/2023/MTI,279199,Vendor:HERI SETIAWAN BY PENGIRIMAN DOKUMEN,IDR,311000,0,2023-05-29 0:00:00
287,0,0,NA.NA.HR LEARNING CENTER,Payables,Purchase Invoices,115/V/2023/MTI,279199,Vendor:HERI SETIAWAN HERI SETIAWAN - MEETING W/ PARTNERS (KEMENHUB - DIREKTORAT KEAMANAN PENERBANGAN)) 5 MAY'23,IDR,600000,0,2023-05-29 0:00:00
149,0,0,NA.NA.HR LEARNING CENTER,Payables,Purchase Invoices,PA/043/IV/2023/GMI,279052,Vendor:TEDY SANTOSO PA PEMELIHARAAN LISTRIK & PAM JAS R.T.MAHKOTA - MAY '23,IDR,1850500,0,2023-05-26 0:00:00
286,0,0,NA.NA.HR LEARNING CENTER,Payables,Purchase Invoices,PS/2303/0918,276495,Vendor:MICOSTAR KARYAGRAHA.PT PO.51494 Sewa 3 unit Mesin Fotocopy f/Rk Mahkota Mar'23,IDR,4966900,0,2023-05-01 0:00:00
153,0,0,NA.NA.HR LEARNING CENTER,Payables,Purchase Invoices,93/KOP.SPN/V/2023,278428,Vendor:KOPERASI SEKAR PELANGI NUSA Sewa 3 units Mesin Dispenser f/Ruko Tmn Mahkota Apr'23,IDR,165000,0,2023-05-15 0:00:00
170,0,0,NA.NA.HR LEARNING CENTER,Payables,Purchase Invoices,115/V/2023/MTI,279199,Vendor:HERI SETIAWAN BY ADMIN PENGURUSAN SKP AVSEC,IDR,300000,0,2023-05-29 0:00:00
73,0,0,NA.NA.HR LEARNING CENTER,Payables,Purchase Invoices,0319B/CRV/GMH/V/2023,277934,Vendor:CASH INTERNAL 099/V/2023/MND - D/A DINAS KE SUN 8-8 MAY'23 (ALFIAN MULIA),IDR,528000,0,2023-05-08 0:00:00
121,0,0,NA.NA.HR LEARNING CENTER,Payables,Purchase Invoices,113/V/2023/MTI,278496,Vendor:CASH INTERNAL BY TRANSPORT TRAINING (3 PERSONS),IDR,1400000,0,2023-05-16 0:00:00
63,0,0,NA.NA.HR LEARNING CENTER,Payables,Purchase Invoices,115/V/2023/MTI,279199,Vendor:HERI SETIAWAN CONSUMPTION CATHAY TRAINING,IDR,615000,0,2023-05-29 0:00:00
65,0,0,NA.NA.HR LEARNING CENTER,Payables,Purchase Invoices,108/V/2023/MTI,278149,Vendor:CASH INTERNAL INSTRUCTOR FEE INTERNAL 8 MAY'23 (8 PERSONS),IDR,1465000,0,2023-05-10 0:00:00
125,0,0,NA.NA.HR LEARNING CENTER,Manual,Accrual,JVW.02/KSP/V/23 05-JUN-2023 10:16:17,JVW.02/KSP/V/23,KSP TAGIHAN AIR MINUM TERMINAL - MAY '23,IDR,112000,0,2023-05-31 0:00:00
139,0,0,NA.NA.HR LEARNING CENTER,Payables,Purchase Invoices,115/V/2023/MTI,279199,Vendor:HERI SETIAWAN BY PRINT DAN JILID MODUL,IDR,736000,0,2023-05-29 0:00:00
287,0,0,NA.NA.HR LEARNING CENTER,Payables,Purchase Invoices,115/V/2023/MTI,279199,Vendor:HERI SETIAWAN HERI SETIAWAN - MEETING W/ PARTNERS (KEMENHUB - SENIOR INSPECTOR BANDARA) 19 MAY'23,IDR,1136000,0,2023-05-29 0:00:00
286,0,0,NA.NA.HR LEARNING CENTER,Payables,Purchase Invoices,PS/2302/0979,274975,Vendor:MICOSTAR KARYAGRAHA.PT PO.51494 Sewa 3 unit Mesin Fotocopy f/Rk Mahkota Feb'23,IDR,4761820,0,2023-05-01 0:00:00
153,0,0,NA.NA.HR LEARNING CENTER,Manual,Accrual,JVW.02/KSP/V/23 05-JUN-2023 10:16:17,JVW.02/KSP/V/23,KSP TAGIHAN AIR MINUM TERMINAL - MAY '23,IDR,165000,0,2023-05-31 0:00:00
169,0,0,NA.NA.HR LEARNING CENTER,Payables,Purchase Invoices,115/V/2023/MTI,279199,Vendor:HERI SETIAWAN BY KEBERSIHAN DAN KEAMANAN KOMPLEK MAY'23,IDR,300000,0,2023-05-29 0:00:00
74,0,0,NA.NA.HR LEARNING CENTER,Payables,Purchase Invoices,0338B/CRV/GMH/V/2023,278311,Vendor:CASH INTERNAL 014/V/2023/MCT - D/A INTERVIEW & TRAINING CANDIDATE PHL STAHH HANDLE HAJJ FLIGHT KJT 11-12 MAY'23 (NENENG SUMIATI),IDR,672000,0,2023-05-12 0:00:00
63,0,0,NA.NA.HR LEARNING CENTER,Payables,Purchase Invoices,115/V/2023/MTI,279199,Vendor:HERI SETIAWAN CONSUMPTION SRIWIJAYA TRAINING 8-17 MAY'23,IDR,4175000,0,2023-05-29 0:00:00
65,0,0,NA.NA.HR LEARNING CENTER,Payables,Purchase Invoices,114/V/2023/MTI,278916,Vendor:CASH INTERNAL INSTRUCTOR FEE INTERNAL 15 MAY'23 (10 STAFF),IDR,4010000,0,2023-05-24 0:00:00
125,0,0,NA.NA.HR LEARNING CENTER,Manual,Accrual,"Reverses ""JVW.02/KSP/IV/23""05-JUN-23 10:02:00 - 7533033","Reverses ""JVW.02/KSP/IV/23""05-JUN-23 10:02:00",KSP TAGIHAN AIR MINUM TERMINAL - APR '23,IDR,0,544000,2023-05-31 0:00:00
139,0,0,NA.NA.HR LEARNING CENTER,Payables,Purchase Invoices,115/V/2023/MTI,279199,Vendor:HERI SETIAWAN OBAT P3K,IDR,11900,0,2023-05-29 0:00:00
287,0,0,NA.NA.HR LEARNING CENTER,Payables,Purchase Invoices,019/V/2023/JLC-KNO,279161,Vendor:RENA ANGELINA HERI SETIAWAN - MEETING W/ PARTNERS (OTBAN KNO) 4 MAY'23,IDR,488000,0,2023-05-29 0:00:00
286,0,0,NA.NA.HR LEARNING CENTER,Manual,Accrual,JVW.01/MCSTR/CGK/V/23 05-JUN-2023 10:36:52,JVW.01/MCSTR/CGK/V/23,MICOSTAR TAGIHAN SW FTCOPY - MAY '23,IDR,2275270,0,2023-05-31 0:00:00
153,0,0,NA.NA.HR LEARNING CENTER,Manual,Accrual,"Reverses ""JVW.02/KSP/IV/23""05-JUN-23 10:02:00 - 7533033","Reverses ""JVW.02/KSP/IV/23""05-JUN-23 10:02:00",KSP TAGIHAN AIR MINUM TERMINAL - APR '23,IDR,0,165000,2023-05-31 0:00:00
169,0,0,NA.NA.HR LEARNING CENTER,Payables,Purchase Invoices,115/V/2023/MTI,279199,Vendor:HERI SETIAWAN BY LAUNDRY,IDR,100000,0,2023-05-29 0:00:00
63,0,0,NA.NA.HR LEARNING CENTER,Payables,Purchase Invoices,115/V/2023/MTI,279199,Vendor:HERI SETIAWAN LUNCH INSTRUCTOR AIC 16-19 MAY'23,IDR,136600,0,2023-05-29 0:00:00
65,0,0,NA.NA.HR LEARNING CENTER,Payables,Purchase Invoices,119/V/2023/MTI,278914,Vendor:CASH INTERNAL DA FEE EVALUASI PERPANJANGAN TPM GSE & FRM DPS (DGCA),IDR,7731959,0,2023-05-24 0:00:00
125,0,0,NA.NA.HR LEARNING CENTER,Payables,Purchase Invoices,PA/043/IV/2023/GMI,279052,Vendor:TEDY SANTOSO PA PAM JAS R.T.MAHKOTA - MAY '23,IDR,4139251,0,2023-05-26 0:00:00
139,0,0,NA.NA.HR LEARNING CENTER,Cost Management,Receiving,39915,,"Item:Printing (Barang Cetakan), Sertifikat Kosong Commercial: Kertas HVS 100gsm, Uk. A4 Landscape, 2 Sisi, Hologram Warna Merah & Barcode Bagian Belakang Numerator 6 Digit ""Start: 024001-026000"",Quantity:4 - DELIVER",IDR,16200000,0,2023-05-16 0:00:00
286,0,0,NA.NA.HR LEARNING CENTER,Manual,Accrual,"Reverses ""JVW.01/MCSTR/CGK/III/23""05-JUN-23 08:40:54 - 7532859","Reverses ""JVW.01/MCSTR/CGK/III/23""05-JUN-23 08:40:54",MICOSTAR TAGIHAN SW FTCOPY - MAR '23,IDR,0,2161200,2023-05-31 0:00:00
170,0,0,NA.NA.HR LEARNING CENTER,Payables,Purchase Invoices,115/V/2023/MTI,279199,"Vendor:HERI SETIAWAN THR FORKANI KEL BENDA, LSM BENDA, DAN KARANG TARUNA KEL. TANGERANG",IDR,300000,0,2023-05-29 0:00:00
63,0,0,NA.NA.HR LEARNING CENTER,Payables,Purchase Invoices,115/V/2023/MTI,279199,Vendor:HERI SETIAWAN LUNCH INSTRUCTOR BCS 16-17 MAY'23,IDR,38000,0,2023-05-29 0:00:00
65,0,0,NA.NA.HR LEARNING CENTER,Payables,Purchase Invoices,120/V/2023/MTI,278912,Vendor:CASH INTERNAL DA FEE EVALUASI PERPANJANGAN TPM GSE & FRM KNO (DGCA),IDR,7731959,0,2023-05-24 0:00:00
286,0,0,NA.NA.HR LEARNING CENTER,Manual,Accrual,"Reverses ""JVW.01/MCSTR/CGK/II/23""05-JUN-23 09:29:44 - 7532944","Reverses ""JVW.01/MCSTR/CGK/II/23""05-JUN-23 09:29:45",MICOSTAR TAGIHAN SW FTCOPY - FEB '23,IDR,0,2275270,2023-05-31 0:00:00
63,0,0,NA.NA.HR LEARNING CENTER,Payables,Purchase Invoices,115/V/2023/MTI,279199,Vendor:HERI SETIAWAN LUNCH INSTRUCTOR BTT 17-22 MAY'23,IDR,178000,0,2023-05-29 0:00:00
65,0,0,NA.NA.HR LEARNING CENTER,Payables,Purchase Invoices,118/V/2023/MTI,278909,Vendor:CASH INTERNAL DA FEE EVALUASI PERPANJANGAN TPM GSE & FRM SUB (DGCA),IDR,7731959,0,2023-05-24 0:00:00
63,0,0,NA.NA.HR LEARNING CENTER,Payables,Purchase Invoices,115/V/2023/MTI,279199,Vendor:HERI SETIAWAN LUNCH INSTRUCTOR DST 8-9 MAY'23,IDR,80000,0,2023-05-29 0:00:00
63,0,0,NA.NA.HR LEARNING CENTER,Payables,Purchase Invoices,115/V/2023/MTI,279199,Vendor:HERI SETIAWAN LUNCH INSTRUCTOR INDUCTION 10 APR-22 MAY'23,IDR,638000,0,2023-05-29 0:00:00
63,0,0,NA.NA.HR LEARNING CENTER,Payables,Purchase Invoices,115/V/2023/MTI,279199,Vendor:HERI SETIAWAN LUNCH INSTRUCTOR LLD 15-16 MAY'23,IDR,57500,0,2023-05-29 0:00:00
63,0,0,NA.NA.HR LEARNING CENTER,Payables,Purchase Invoices,115/V/2023/MTI,279199,Vendor:HERI SETIAWAN LUNCH INSTRUCTOR PBS 22 MAY'23,IDR,30000,0,2023-05-29 0:00:00
63,0,0,NA.NA.HR LEARNING CENTER,Payables,Purchase Invoices,115/V/2023/MTI,279199,Vendor:HERI SETIAWAN LUNCH INSTRUCTOR RECURRENT BASIC AVSEC APR-MAY'23,IDR,174000,0,2023-05-29 0:00:00
63,0,0,NA.NA.HR LEARNING CENTER,Payables,Purchase Invoices,115/V/2023/MTI,279199,Vendor:HERI SETIAWAN LUNCH INSTRUCTOR SAFETY TRAINING 8-12 MAY'23,IDR,151000,0,2023-05-29 0:00:00
63,0,0,NA.NA.HR LEARNING CENTER,Payables,Purchase Invoices,115/V/2023/MTI,279199,Vendor:HERI SETIAWAN LUNCH PARTICIPANT EVA AIR 19 MAY'23,IDR,224000,0,2023-05-29 0:00:00
63,0,0,NA.NA.HR LEARNING CENTER,Payables,Purchase Invoices,115/V/2023/MTI,279199,Vendor:HERI SETIAWAN LUNCH PARTICIPANT MENTORING & COACHING 15 MAY'23,IDR,171000,0,2023-05-29 0:00:00
301,0,0,NA.NA.COMMERCIAL TRAINING,Payables,Purchase Invoices,112/V/2023/MCT,278888,Vendor:NENENG SUMIATI BY TLP MARKETING -PC CT-CGK 9/MAY'23,IDR,215620,0,2023-05-24 0:00:00
74,0,0,NA.NA.COMMERCIAL TRAINING,Payables,Purchase Invoices,0328B/CRV/GMH/V/2023,278117,Vendor:CASH INTERNAL 015/V/2023/MCT -D/A INTERVIEW & TRAINING PROSPECT CANDIDARE PHL STAFF HANDLE HAJJ KJY 11-12 MAY'23 (LUQMAN DARY),IDR,528000,0,2023-05-10 0:00:00
278,0,0,NA.NA.COMMERCIAL TRAINING,Payables,Purchase Invoices,116/V/2023/MCT,278924,Vendor:NENENG SUMIATI ETOLL PERJALANAN KNO -PC CT-CGK 22/MAY'23,IDR,101500,0,2023-05-24 0:00:00
190,0,0,NA.NA.COMMERCIAL TRAINING,Payables,Purchase Invoices,104/V/2023/GMI,278076,Vendor:CASH INTERNAL 1-MSISDN Kartu Halo CUG f/CT CGK Apr'23,IDR,101364,0,2023-05-09 0:00:00
96,0,0,NA.NA.COMMERCIAL TRAINING,Payables,Purchase Invoices,116/V/2023/MCT,278924,Vendor:NENENG SUMIATI JILID MODUL -PC CT-CGK 22/MAY'23,IDR,221000,0,2023-05-24 0:00:00
97,0,0,NA.NA.COMMERCIAL TRAINING,Payables,Purchase Invoices,116/V/2023/MCT,278924,Vendor:NENENG SUMIATI PENGIRIMAN SERTIFIKAT -PC CT-CGK 22/MAY'23,IDR,41000,0,2023-05-24 0:00:00
100,0,0,NA.NA.COMMERCIAL TRAINING,Payables,Purchase Invoices,PS/2303/0918,276495,"Vendor:MICOSTAR KARYAGRAHA.PT Photocopy Rent Expense, Rental Mesin Foto Copy Area Ruko Taman Mahkota Periode Maret 2023",IDR,4966900,0,2023-05-01 0:00:00
101,0,0,NA.NA.COMMERCIAL TRAINING,Payables,Purchase Invoices,116/V/2023/MCT,278924,Vendor:NENENG SUMIATI KONSUMSI PERJALANAN KJT -PC CT-CGK 22/MAY'23,IDR,662000,0,2023-05-24 0:00:00
102,0,0,NA.NA.COMMERCIAL TRAINING,Cost Management,Receiving,39883,,"Item:Safety Shoes PRIA Standara PT. JAS   Uk : 40 = 5.psg,     41 = 3.psg,     42 = 2.psg",IDR,2713000,0,2023-05-10 0:00:00
278,0,0,NA.NA.COMMERCIAL TRAINING,Payables,Purchase Invoices,116/V/2023/MCT,278924,Vendor:NENENG SUMIATI PERJALANAN KJT -PC CT-CGK 22/MAY'23,IDR,499000,0,2023-05-24 0:00:00
96,0,0,NA.NA.COMMERCIAL TRAINING,Payables,Purchase Invoices,112/V/2023/MCT,278888,Vendor:NENENG SUMIATI JILID MODUL DAN SPANDUK 10&13/APR'23 -PC CT-CGK 9/MAY'23,IDR,129000,0,2023-05-24 0:00:00
97,0,0,NA.NA.COMMERCIAL TRAINING,Payables,Purchase Invoices,112/V/2023/MCT,278888,Vendor:NENENG SUMIATI PENGIRIMAN KAOS KE SUB 7 MAY'23 -PC CT-CGK 9/MAY'23,IDR,265500,0,2023-05-24 0:00:00
100,0,0,NA.NA.COMMERCIAL TRAINING,Payables,Purchase Invoices,PS/2302/0979,274975,"Vendor:MICOSTAR KARYAGRAHA.PT Photocopy Rent Expense, Rental Mesin Foto Copy Area Ruko Taman Mahkota Periode Februari 2023",IDR,4761820,0,2023-05-01 0:00:00
101,0,0,NA.NA.COMMERCIAL TRAINING,Payables,Purchase Invoices,116/V/2023/MCT,278924,Vendor:NENENG SUMIATI KONSUMSI PERJALANAN KNO -PC CT-CGK 22/MAY'23,IDR,389000,0,2023-05-24 0:00:00
278,0,0,NA.NA.COMMERCIAL TRAINING,Payables,Purchase Invoices,112/V/2023/MCT,278888,Vendor:NENENG SUMIATI PENGAMBILAN KAOS JAA 7 MAY'23 -PC CT-CGK 9/MAY'23,IDR,50000,0,2023-05-24 0:00:00
96,0,0,NA.NA.COMMERCIAL TRAINING,Cost Management,Receiving,40161,,"Item:Stampel Logo PT. JAS,Quantity:2 - DELIVER",IDR,430000,0,2023-05-31 0:00:00
100,0,0,NA.NA.COMMERCIAL TRAINING,Payables,Purchase Invoices,PS/2303/0918,276495,"Vendor:MICOSTAR KARYAGRAHA.PT Photocopy Rent Expense, Rental Mesin Foto Copy Area Ruko Taman Mahkota Periode Maret 2023",IDR,0,4966900,2023-05-01 0:00:00
100,0,0,NA.NA.COMMERCIAL TRAINING,Payables,Purchase Invoices,PS/2302/0979,274975,"Vendor:MICOSTAR KARYAGRAHA.PT Photocopy Rent Expense, Rental Mesin Foto Copy Area Ruko Taman Mahkota Periode Februari 2023",IDR,0,4761820,2023-05-01 0:00:00
